No.,Time,Source,Destination,Protocol,Length,Info,Label
44,4.229033,172.24.10.210,172.24.10.1,DNP 3.0,64,"from 1024 to 1, len=5, Request Link Status",1
45,4.229216,172.24.10.1,172.24.10.210,DNP 3.0,64,"from 1 to 1024, len=5, Status of Link",1
91,8.399512,172.24.10.1,172.24.10.210,DNP 3.0,81,"Read, Class 0123",0
96,8.40843,172.24.10.210,172.24.10.1,DNP 3.0,165,Response,0
146,13.429216,172.24.10.210,172.24.10.1,DNP 3.0,64,"from 1024 to 1, len=5, Request Link Status",0
147,13.429419,172.24.10.1,172.24.10.210,DNP 3.0,64,"from 1 to 1024, len=5, Status of Link",0
205,18.479288,172.24.10.210,172.24.10.1,DNP 3.0,64,"from 1024 to 1, len=5, Request Link Status",0
209,18.59596,172.24.10.1,172.24.10.210,DNP 3.0,81,"Read, Class 0123",0
211,18.601093,172.24.10.1,172.24.10.210,DNP 3.0,64,"from 1 to 1024, len=5, Status of Link",0
218,18.612598,172.24.10.210,172.24.10.1,DNP 3.0,165,Response,0
270,23.62919,172.24.10.210,172.24.10.1,DNP 3.0,64,"from 1024 to 1, len=5, Request Link Status",0
271,23.629392,172.24.10.1,172.24.10.210,DNP 3.0,64,"from 1 to 1024, len=5, Status of Link",0
323,28.62625,172.24.10.1,172.24.10.210,DNP 3.0,81,"Read, Class 0123",0
328,28.634846,172.24.10.210,172.24.10.1,DNP 3.0,165,Response,0
380,33.679621,172.24.10.210,172.24.10.1,DNP 3.0,64,"from 1024 to 1, len=5, Request Link Status",0
381,33.679817,172.24.10.1,172.24.10.210,DNP 3.0,64,"from 1 to 1024, len=5, Status of Link",0
435,38.594857,172.24.10.1,172.24.10.210,DNP 3.0,81,"Read, Class 0123",0
440,38.605083,172.24.10.210,172.24.10.1,DNP 3.0,165,Response,0
492,43.628684,172.24.10.210,172.24.10.1,DNP 3.0,64,"from 1024 to 1, len=5, Request Link Status",0
493,43.628881,172.24.10.1,172.24.10.210,DNP 3.0,64,"from 1 to 1024, len=5, Status of Link",0
547,48.681668,172.24.10.210,172.24.10.1,DNP 3.0,64,"from 1024 to 1, len=5, Request Link Status",0
549,48.77611,172.24.10.1,172.24.10.210,DNP 3.0,81,"Read, Class 0123",0
551,48.781192,172.24.10.1,172.24.10.210,DNP 3.0,64,"from 1 to 1024, len=5, Status of Link",0
558,48.787611,172.24.10.210,172.24.10.1,DNP 3.0,165,Response,0
610,53.830814,172.24.10.210,172.24.10.1,DNP 3.0,64,"from 1024 to 1, len=5, Request Link Status",0
611,53.831005,172.24.10.1,172.24.10.210,DNP 3.0,64,"from 1 to 1024, len=5, Status of Link",0
667,58.881988,172.24.10.210,172.24.10.1,DNP 3.0,64,"from 1024 to 1, len=5, Request Link Status",0
672,59.300132,172.24.10.1,172.24.10.210,DNP 3.0,81,"Read, Class 0123",0
674,59.305208,172.24.10.1,172.24.10.210,DNP 3.0,64,"from 1 to 1024, len=5, Status of Link",0
681,59.31645,172.24.10.210,172.24.10.1,DNP 3.0,165,Response,0
735,64.330231,172.24.10.210,172.24.10.1,DNP 3.0,64,"from 1024 to 1, len=5, Request Link Status",0
736,64.330434,172.24.10.1,172.24.10.210,DNP 3.0,64,"from 1 to 1024, len=5, Status of Link",0
785,68.846112,172.24.10.1,172.24.10.210,DNP 3.0,81,"Read, Class 0123",0
790,68.85621,172.24.10.210,172.24.10.1,DNP 3.0,165,Response,0
842,73.880266,172.24.10.210,172.24.10.1,DNP 3.0,64,"from 1024 to 1, len=5, Request Link Status",0
843,73.880465,172.24.10.1,172.24.10.210,DNP 3.0,64,"from 1 to 1024, len=5, Status of Link",0
909,78.930302,172.24.10.210,172.24.10.1,DNP 3.0,64,"from 1024 to 1, len=5, Request Link Status",0
914,79.087326,172.24.10.1,172.24.10.210,DNP 3.0,81,"Read, Class 0123",0
916,79.09234,172.24.10.1,172.24.10.210,DNP 3.0,64,"from 1 to 1024, len=5, Status of Link",0
923,79.097792,172.24.10.210,172.24.10.1,DNP 3.0,165,Response,0
976,84.130201,172.24.10.210,172.24.10.1,DNP 3.0,64,"from 1024 to 1, len=5, Request Link Status",0
977,84.130367,172.24.10.1,172.24.10.210,DNP 3.0,64,"from 1 to 1024, len=5, Status of Link",0
1033,89.162273,172.24.10.1,172.24.10.210,DNP 3.0,81,"Read, Class 0123",0
1038,89.172158,172.24.10.210,172.24.10.1,DNP 3.0,165,Response,0
1092,94.180676,172.24.10.210,172.24.10.1,DNP 3.0,64,"from 1024 to 1, len=5, Request Link Status",0
1093,94.180862,172.24.10.1,172.24.10.210,DNP 3.0,64,"from 1 to 1024, len=5, Status of Link",0
1147,99.22975,172.24.10.210,172.24.10.1,DNP 3.0,64,"from 1024 to 1, len=5, Request Link Status",0
1149,99.374257,172.24.10.1,172.24.10.210,DNP 3.0,81,"Read, Class 0123",0
1151,99.379346,172.24.10.1,172.24.10.210,DNP 3.0,64,"from 1 to 1024, len=5, Status of Link",0
1158,99.385855,172.24.10.210,172.24.10.1,DNP 3.0,165,Response,0
1210,104.430724,172.24.10.210,172.24.10.1,DNP 3.0,64,"from 1024 to 1, len=5, Request Link Status",0
1211,104.430879,172.24.10.1,172.24.10.210,DNP 3.0,64,"from 1 to 1024, len=5, Status of Link",0
1267,109.336997,172.24.10.1,172.24.10.210,DNP 3.0,81,"Read, Class 0123",0
1272,109.34402,172.24.10.210,172.24.10.1,DNP 3.0,165,Response,0
1324,114.381136,172.24.10.210,172.24.10.1,DNP 3.0,64,"from 1024 to 1, len=5, Request Link Status",0
1325,114.381332,172.24.10.1,172.24.10.210,DNP 3.0,64,"from 1 to 1024, len=5, Status of Link",0
1379,119.43076,172.24.10.210,172.24.10.1,DNP 3.0,64,"from 1024 to 1, len=5, Request Link Status",0
1382,119.514738,172.24.10.1,172.24.10.210,DNP 3.0,81,"Read, Class 0123",0
1384,119.519696,172.24.10.1,172.24.10.210,DNP 3.0,64,"from 1 to 1024, len=5, Status of Link",0
1391,119.530345,172.24.10.210,172.24.10.1,DNP 3.0,165,Response,0
1443,124.531082,172.24.10.210,172.24.10.1,DNP 3.0,64,"from 1024 to 1, len=5, Request Link Status",0
1444,124.531278,172.24.10.1,172.24.10.210,DNP 3.0,64,"from 1 to 1024, len=5, Status of Link",0
1496,129.475356,172.24.10.1,172.24.10.210,DNP 3.0,81,"Read, Class 0123",0
1501,129.4854,172.24.10.210,172.24.10.1,DNP 3.0,165,Response,0
1556,134.481165,172.24.10.210,172.24.10.1,DNP 3.0,64,"from 1024 to 1, len=5, Request Link Status",0
1557,134.481379,172.24.10.1,172.24.10.210,DNP 3.0,64,"from 1 to 1024, len=5, Status of Link",0
1612,139.530389,172.24.10.210,172.24.10.1,DNP 3.0,64,"from 1024 to 1, len=5, Request Link Status",0
1616,139.783905,172.24.10.1,172.24.10.210,DNP 3.0,81,"Read, Class 0123",0
1618,139.789008,172.24.10.1,172.24.10.210,DNP 3.0,64,"from 1 to 1024, len=5, Status of Link",0
1625,139.795258,172.24.10.210,172.24.10.1,DNP 3.0,165,Response,0
1677,144.831386,172.24.10.210,172.24.10.1,DNP 3.0,64,"from 1024 to 1, len=5, Request Link Status",0
1678,144.831578,172.24.10.1,172.24.10.210,DNP 3.0,64,"from 1 to 1024, len=5, Status of Link",0
1735,149.881547,172.24.10.210,172.24.10.1,DNP 3.0,64,"from 1024 to 1, len=5, Request Link Status",0
1737,149.910003,172.24.10.1,172.24.10.210,DNP 3.0,81,"Read, Class 0123",0
1739,149.915205,172.24.10.1,172.24.10.210,DNP 3.0,64,"from 1 to 1024, len=5, Status of Link",0
1746,149.920291,172.24.10.210,172.24.10.1,DNP 3.0,165,Response,0
1798,154.931352,172.24.10.210,172.24.10.1,DNP 3.0,64,"from 1024 to 1, len=5, Request Link Status",0
1799,154.931552,172.24.10.1,172.24.10.210,DNP 3.0,64,"from 1 to 1024, len=5, Status of Link",0
1853,159.757922,172.24.10.1,172.24.10.210,DNP 3.0,81,"Read, Class 0123",0
1858,159.767883,172.24.10.210,172.24.10.1,DNP 3.0,165,Response,0
1911,164.782043,172.24.10.210,172.24.10.1,DNP 3.0,64,"from 1024 to 1, len=5, Request Link Status",0
1912,164.782244,172.24.10.1,172.24.10.210,DNP 3.0,64,"from 1 to 1024, len=5, Status of Link",0
1966,169.831728,172.24.10.210,172.24.10.1,DNP 3.0,64,"from 1024 to 1, len=5, Request Link Status",0
1970,170.10576,172.24.10.1,172.24.10.210,DNP 3.0,81,"Read, Class 0123",0
1972,170.110861,172.24.10.1,172.24.10.210,DNP 3.0,64,"from 1 to 1024, len=5, Status of Link",0
1979,170.11606,172.24.10.210,172.24.10.1,DNP 3.0,165,Response,0
2031,175.131987,172.24.10.210,172.24.10.1,DNP 3.0,64,"from 1024 to 1, len=5, Request Link Status",0
2032,175.132213,172.24.10.1,172.24.10.210,DNP 3.0,64,"from 1 to 1024, len=5, Status of Link",0
2087,180.179519,172.24.10.1,172.24.10.210,DNP 3.0,81,"Read, Class 0123",0
2088,180.181774,172.24.10.210,172.24.10.1,DNP 3.0,64,"from 1024 to 1, len=5, Request Link Status",0
2093,180.185247,172.24.10.1,172.24.10.210,DNP 3.0,64,"from 1 to 1024, len=5, Status of Link",0
2097,180.189754,172.24.10.210,172.24.10.1,DNP 3.0,165,Response,0
2149,185.232006,172.24.10.210,172.24.10.1,DNP 3.0,64,"from 1024 to 1, len=5, Request Link Status",0
2150,185.232166,172.24.10.1,172.24.10.210,DNP 3.0,64,"from 1 to 1024, len=5, Status of Link",0
2202,190.282114,172.24.10.210,172.24.10.1,DNP 3.0,64,"from 1024 to 1, len=5, Request Link Status",0
2209,190.595212,172.24.10.1,172.24.10.210,DNP 3.0,81,"Read, Class 0123",0
2211,190.600205,172.24.10.1,172.24.10.210,DNP 3.0,64,"from 1 to 1024, len=5, Status of Link",0
2218,190.606654,172.24.10.210,172.24.10.1,DNP 3.0,165,Response,0
2273,195.631979,172.24.10.210,172.24.10.1,DNP 3.0,64,"from 1024 to 1, len=5, Request Link Status",0
2274,195.632197,172.24.10.1,172.24.10.210,DNP 3.0,64,"from 1 to 1024, len=5, Status of Link",0
2323,200.352622,172.24.10.1,172.24.10.210,DNP 3.0,81,"Read, Class 0123",0
2328,200.361973,172.24.10.210,172.24.10.1,DNP 3.0,165,Response,0
2382,205.382718,172.24.10.210,172.24.10.1,DNP 3.0,64,"from 1024 to 1, len=5, Request Link Status",0
2383,205.382911,172.24.10.1,172.24.10.210,DNP 3.0,64,"from 1 to 1024, len=5, Status of Link",0
2437,210.432751,172.24.10.210,172.24.10.1,DNP 3.0,64,"from 1024 to 1, len=5, Request Link Status",0
2442,210.60251,172.24.10.1,172.24.10.210,DNP 3.0,81,"Read, Class 0123",0
2444,210.60775,172.24.10.1,172.24.10.210,DNP 3.0,64,"from 1 to 1024, len=5, Status of Link",0
2451,210.613967,172.24.10.210,172.24.10.1,DNP 3.0,165,Response,0
2503,215.632665,172.24.10.210,172.24.10.1,DNP 3.0,64,"from 1024 to 1, len=5, Request Link Status",0
2504,215.632822,172.24.10.1,172.24.10.210,DNP 3.0,64,"from 1 to 1024, len=5, Status of Link",0
2556,220.58501,172.24.10.1,172.24.10.210,DNP 3.0,81,"Read, Class 0123",0
2561,220.594958,172.24.10.210,172.24.10.1,DNP 3.0,165,Response,0
2613,225.632693,172.24.10.210,172.24.10.1,DNP 3.0,64,"from 1024 to 1, len=5, Request Link Status",0
2614,225.632883,172.24.10.1,172.24.10.210,DNP 3.0,64,"from 1 to 1024, len=5, Status of Link",0
2668,230.682836,172.24.10.210,172.24.10.1,DNP 3.0,64,"from 1024 to 1, len=5, Request Link Status",0
2672,230.707533,172.24.10.1,172.24.10.210,DNP 3.0,81,"Read, Class 0123",0
2674,230.712246,172.24.10.1,172.24.10.210,DNP 3.0,64,"from 1 to 1024, len=5, Status of Link",0
2681,230.716412,172.24.10.210,172.24.10.1,DNP 3.0,165,Response,0
2731,235.732639,172.24.10.210,172.24.10.1,DNP 3.0,64,"from 1024 to 1, len=5, Request Link Status",0
2732,235.732832,172.24.10.1,172.24.10.210,DNP 3.0,64,"from 1 to 1024, len=5, Status of Link",0
2786,240.779269,172.24.10.1,172.24.10.210,DNP 3.0,81,"Read, Class 0123",0
2787,240.785122,172.24.10.210,172.24.10.1,DNP 3.0,64,"from 1024 to 1, len=5, Request Link Status",0
2789,240.785212,172.24.10.1,172.24.10.210,DNP 3.0,64,"from 1 to 1024, len=5, Status of Link",0
2798,240.796603,172.24.10.210,172.24.10.1,DNP 3.0,165,Response,0
2851,245.833263,172.24.10.210,172.24.10.1,DNP 3.0,64,"from 1024 to 1, len=5, Request Link Status",0
2852,245.833447,172.24.10.1,172.24.10.210,DNP 3.0,64,"from 1 to 1024, len=5, Status of Link",0
2908,250.798316,172.24.10.1,172.24.10.210,DNP 3.0,81,"Read, Class 0123",0
2913,250.805783,172.24.10.210,172.24.10.1,DNP 3.0,165,Response,0
2965,255.833351,172.24.10.210,172.24.10.1,DNP 3.0,64,"from 1024 to 1, len=5, Request Link Status",0
2966,255.83352,172.24.10.1,172.24.10.210,DNP 3.0,64,"from 1 to 1024, len=5, Status of Link",0
3020,260.883332,172.24.10.210,172.24.10.1,DNP 3.0,64,"from 1024 to 1, len=5, Request Link Status",0
3024,261.040324,172.24.10.1,172.24.10.210,DNP 3.0,81,"Read, Class 0123",0
3027,261.046202,172.24.10.1,172.24.10.210,DNP 3.0,64,"from 1 to 1024, len=5, Status of Link",0
3033,261.04982,172.24.10.210,172.24.10.1,DNP 3.0,165,Response,0
3083,266.083398,172.24.10.210,172.24.10.1,DNP 3.0,64,"from 1024 to 1, len=5, Request Link Status",0
3084,266.083586,172.24.10.1,172.24.10.210,DNP 3.0,64,"from 1 to 1024, len=5, Status of Link",0
3136,270.858864,172.24.10.1,172.24.10.210,DNP 3.0,81,"Read, Class 0123",0
3141,270.86848,172.24.10.210,172.24.10.1,DNP 3.0,165,Response,0
3193,275.883525,172.24.10.210,172.24.10.1,DNP 3.0,64,"from 1024 to 1, len=5, Request Link Status",0
3194,275.883716,172.24.10.1,172.24.10.210,DNP 3.0,64,"from 1 to 1024, len=5, Status of Link",0
3248,280.933649,172.24.10.210,172.24.10.1,DNP 3.0,64,"from 1024 to 1, len=5, Request Link Status",0
3252,281.170136,172.24.10.1,172.24.10.210,DNP 3.0,81,"Read, Class 0123",0
3254,281.175243,172.24.10.1,172.24.10.210,DNP 3.0,64,"from 1 to 1024, len=5, Status of Link",0
3261,281.181397,172.24.10.210,172.24.10.1,DNP 3.0,165,Response,0
3313,286.183973,172.24.10.210,172.24.10.1,DNP 3.0,64,"from 1024 to 1, len=5, Request Link Status",0
3314,286.184147,172.24.10.1,172.24.10.210,DNP 3.0,64,"from 1 to 1024, len=5, Status of Link",0
3354,289.817361,172.24.10.1,172.24.10.210,DNP 3.0,81,"Read, Class 0123",0
3359,289.826584,172.24.10.210,172.24.10.1,DNP 3.0,165,Response,0
3378,291.299435,172.24.10.1,172.24.10.210,DNP 3.0,81,"Read, Class 0123",0
3383,291.309469,172.24.10.210,172.24.10.1,DNP 3.0,165,Response,0
3437,296.3339,172.24.10.210,172.24.10.1,DNP 3.0,64,"from 1024 to 1, len=5, Request Link Status",0
3438,296.33406,172.24.10.1,172.24.10.210,DNP 3.0,64,"from 1 to 1024, len=5, Status of Link",0
3490,301.321485,172.24.10.1,172.24.10.210,DNP 3.0,81,"Read, Class 0123",0
3495,301.331467,172.24.10.210,172.24.10.1,DNP 3.0,165,Response,0
3547,306.334187,172.24.10.210,172.24.10.1,DNP 3.0,64,"from 1024 to 1, len=5, Request Link Status",0
3548,306.33434,172.24.10.1,172.24.10.210,DNP 3.0,64,"from 1 to 1024, len=5, Status of Link",0
3602,311.384349,172.24.10.210,172.24.10.1,DNP 3.0,64,"from 1024 to 1, len=5, Request Link Status",0
3607,311.624755,172.24.10.1,172.24.10.210,DNP 3.0,81,"Read, Class 0123",0
3610,311.630589,172.24.10.1,172.24.10.210,DNP 3.0,64,"from 1 to 1024, len=5, Status of Link",0
3616,311.634139,172.24.10.210,172.24.10.1,DNP 3.0,165,Response,0
3670,316.634322,172.24.10.210,172.24.10.1,DNP 3.0,64,"from 1024 to 1, len=5, Request Link Status",0
3671,316.634496,172.24.10.1,172.24.10.210,DNP 3.0,64,"from 1 to 1024, len=5, Status of Link",0
3724,321.514995,172.24.10.1,172.24.10.210,DNP 3.0,81,"Read, Class 0123",0
3729,321.522181,172.24.10.210,172.24.10.1,DNP 3.0,165,Response,0
3781,326.534575,172.24.10.210,172.24.10.1,DNP 3.0,64,"from 1024 to 1, len=5, Request Link Status",0
3782,326.534773,172.24.10.1,172.24.10.210,DNP 3.0,64,"from 1 to 1024, len=5, Status of Link",0
3836,331.584889,172.24.10.210,172.24.10.1,DNP 3.0,64,"from 1024 to 1, len=5, Request Link Status",0
3840,331.821176,172.24.10.1,172.24.10.210,DNP 3.0,81,"Read, Class 0123",0
3843,331.827054,172.24.10.1,172.24.10.210,DNP 3.0,64,"from 1 to 1024, len=5, Status of Link",0
3849,331.830193,172.24.10.210,172.24.10.1,DNP 3.0,165,Response,0
3901,336.834712,172.24.10.210,172.24.10.1,DNP 3.0,64,"from 1024 to 1, len=5, Request Link Status",0
3902,336.834907,172.24.10.1,172.24.10.210,DNP 3.0,64,"from 1 to 1024, len=5, Status of Link",0
3956,341.793639,172.24.10.1,172.24.10.210,DNP 3.0,81,"Read, Class 0123",0
3961,341.8012,172.24.10.210,172.24.10.1,DNP 3.0,165,Response,0
4013,346.834977,172.24.10.210,172.24.10.1,DNP 3.0,64,"from 1024 to 1, len=5, Request Link Status",0
4014,346.835169,172.24.10.1,172.24.10.210,DNP 3.0,64,"from 1 to 1024, len=5, Status of Link",0
4067,351.708297,172.24.10.1,172.24.10.210,DNP 3.0,81,"Read, Class 0123",0
4073,351.716928,172.24.10.210,172.24.10.1,DNP 3.0,165,Response,0
4123,356.734977,172.24.10.210,172.24.10.1,DNP 3.0,64,"from 1024 to 1, len=5, Request Link Status",0
4124,356.735196,172.24.10.1,172.24.10.210,DNP 3.0,64,"from 1 to 1024, len=5, Status of Link",0
4178,361.785427,172.24.10.210,172.24.10.1,DNP 3.0,64,"from 1024 to 1, len=5, Request Link Status",0
4184,362.071182,172.24.10.1,172.24.10.210,DNP 3.0,81,"Read, Class 0123",0
4187,362.076984,172.24.10.1,172.24.10.210,DNP 3.0,64,"from 1 to 1024, len=5, Status of Link",0
4193,362.080581,172.24.10.210,172.24.10.1,DNP 3.0,165,Response,0
4243,367.085325,172.24.10.210,172.24.10.1,DNP 3.0,64,"from 1024 to 1, len=5, Request Link Status",0
4244,367.085534,172.24.10.1,172.24.10.210,DNP 3.0,64,"from 1 to 1024, len=5, Status of Link",0
4300,371.969124,172.24.10.1,172.24.10.210,DNP 3.0,81,"Read, Class 0123",0
4305,371.976824,172.24.10.210,172.24.10.1,DNP 3.0,165,Response,0
4355,376.985715,172.24.10.210,172.24.10.1,DNP 3.0,64,"from 1024 to 1, len=5, Request Link Status",0
4356,376.98592,172.24.10.1,172.24.10.210,DNP 3.0,64,"from 1 to 1024, len=5, Status of Link",0
4410,381.945522,172.24.10.1,172.24.10.210,DNP 3.0,81,"Read, Class 0123",0
4415,381.952622,172.24.10.210,172.24.10.1,DNP 3.0,165,Response,0
4467,386.985842,172.24.10.210,172.24.10.1,DNP 3.0,64,"from 1024 to 1, len=5, Request Link Status",0
4468,386.986049,172.24.10.1,172.24.10.210,DNP 3.0,64,"from 1 to 1024, len=5, Status of Link",0
4524,392.035548,172.24.10.210,172.24.10.1,DNP 3.0,64,"from 1024 to 1, len=5, Request Link Status",0
4528,392.360341,172.24.10.1,172.24.10.210,DNP 3.0,81,"Read, Class 0123",0
4531,392.365377,172.24.10.1,172.24.10.210,DNP 3.0,64,"from 1 to 1024, len=5, Status of Link",0
4538,392.372126,172.24.10.210,172.24.10.1,DNP 3.0,165,Response,0
4590,397.385886,172.24.10.210,172.24.10.1,DNP 3.0,64,"from 1024 to 1, len=5, Request Link Status",0
4591,397.386095,172.24.10.1,172.24.10.210,DNP 3.0,64,"from 1 to 1024, len=5, Status of Link",0
4644,402.362221,172.24.10.1,172.24.10.210,DNP 3.0,81,"Read, Class 0123",0
4650,402.372097,172.24.10.210,172.24.10.1,DNP 3.0,165,Response,0
4700,407.386107,172.24.10.210,172.24.10.1,DNP 3.0,64,"from 1024 to 1, len=5, Request Link Status",0
4701,407.386327,172.24.10.1,172.24.10.210,DNP 3.0,64,"from 1 to 1024, len=5, Status of Link",0
4756,412.43583,172.24.10.210,172.24.10.1,DNP 3.0,64,"from 1024 to 1, len=5, Request Link Status",0
4760,412.573223,172.24.10.1,172.24.10.210,DNP 3.0,81,"Read, Class 0123",0
4762,412.578256,172.24.10.1,172.24.10.210,DNP 3.0,64,"from 1 to 1024, len=5, Status of Link",0
4769,412.582645,172.24.10.210,172.24.10.1,DNP 3.0,165,Response,0
4821,417.586247,172.24.10.210,172.24.10.1,DNP 3.0,64,"from 1024 to 1, len=5, Request Link Status",0
4822,417.586433,172.24.10.1,172.24.10.210,DNP 3.0,64,"from 1 to 1024, len=5, Status of Link",0
4876,422.540473,172.24.10.1,172.24.10.210,DNP 3.0,81,"Read, Class 0123",0
4881,422.54897,172.24.10.210,172.24.10.1,DNP 3.0,165,Response,0
4933,427.586423,172.24.10.210,172.24.10.1,DNP 3.0,64,"from 1024 to 1, len=5, Request Link Status",0
4934,427.586649,172.24.10.1,172.24.10.210,DNP 3.0,64,"from 1 to 1024, len=5, Status of Link",0
4988,432.636431,172.24.10.210,172.24.10.1,DNP 3.0,64,"from 1024 to 1, len=5, Request Link Status",0
4992,432.855304,172.24.10.1,172.24.10.210,DNP 3.0,81,"Read, Class 0123",0
4994,432.86041,172.24.10.1,172.24.10.210,DNP 3.0,64,"from 1 to 1024, len=5, Status of Link",0
5001,432.867115,172.24.10.210,172.24.10.1,DNP 3.0,165,Response,0
5056,437.886004,172.24.10.210,172.24.10.1,DNP 3.0,64,"from 1024 to 1, len=5, Request Link Status",0
5057,437.886158,172.24.10.1,172.24.10.210,DNP 3.0,64,"from 1 to 1024, len=5, Status of Link",0
5109,442.803974,172.24.10.1,172.24.10.210,DNP 3.0,81,"Read, Class 0123",0
5114,442.813624,172.24.10.210,172.24.10.1,DNP 3.0,165,Response,0
5166,447.836666,172.24.10.210,172.24.10.1,DNP 3.0,64,"from 1024 to 1, len=5, Request Link Status",0
5167,447.836874,172.24.10.1,172.24.10.210,DNP 3.0,64,"from 1 to 1024, len=5, Status of Link",0
5219,452.729628,172.24.10.1,172.24.10.210,DNP 3.0,81,"Read, Class 0123",0
5224,452.738189,172.24.10.210,172.24.10.1,DNP 3.0,165,Response,0
5276,457.736937,172.24.10.210,172.24.10.1,DNP 3.0,64,"from 1024 to 1, len=5, Request Link Status",0
5277,457.737138,172.24.10.1,172.24.10.210,DNP 3.0,64,"from 1 to 1024, len=5, Status of Link",0
5331,462.78719,172.24.10.210,172.24.10.1,DNP 3.0,64,"from 1024 to 1, len=5, Request Link Status",0
5335,463.093071,172.24.10.1,172.24.10.210,DNP 3.0,81,"Read, Class 0123",0
5338,463.098961,172.24.10.1,172.24.10.210,DNP 3.0,64,"from 1 to 1024, len=5, Status of Link",0
5344,463.103386,172.24.10.210,172.24.10.1,DNP 3.0,165,Response,0
5396,468.137332,172.24.10.210,172.24.10.1,DNP 3.0,64,"from 1024 to 1, len=5, Request Link Status",0
5397,468.137541,172.24.10.1,172.24.10.210,DNP 3.0,64,"from 1 to 1024, len=5, Status of Link",0
5451,473.187122,172.24.10.210,172.24.10.1,DNP 3.0,64,"from 1024 to 1, len=5, Request Link Status",0
5453,473.225324,172.24.10.1,172.24.10.210,DNP 3.0,81,"Read, Class 0123",0
5455,473.230242,172.24.10.1,172.24.10.210,DNP 3.0,64,"from 1 to 1024, len=5, Status of Link",0
5462,473.233819,172.24.10.210,172.24.10.1,DNP 3.0,165,Response,0
5514,478.237142,172.24.10.210,172.24.10.1,DNP 3.0,64,"from 1024 to 1, len=5, Request Link Status",0
5515,478.237349,172.24.10.1,172.24.10.210,DNP 3.0,64,"from 1 to 1024, len=5, Status of Link",0
5573,483.287043,172.24.10.210,172.24.10.1,DNP 3.0,64,"from 1024 to 1, len=5, Request Link Status",0
5575,483.33047,172.24.10.1,172.24.10.210,DNP 3.0,81,"Read, Class 0123",0
5578,483.336371,172.24.10.1,172.24.10.210,DNP 3.0,64,"from 1 to 1024, len=5, Status of Link",0
5584,483.3406,172.24.10.210,172.24.10.1,DNP 3.0,165,Response,0
5636,488.387575,172.24.10.210,172.24.10.1,DNP 3.0,64,"from 1024 to 1, len=5, Request Link Status",0
5637,488.38778,172.24.10.1,172.24.10.210,DNP 3.0,64,"from 1 to 1024, len=5, Status of Link",0
5689,493.121307,172.24.10.1,172.24.10.210,DNP 3.0,81,"Read, Class 0123",0
5694,493.130919,172.24.10.210,172.24.10.1,DNP 3.0,165,Response,0
5746,498.136096,172.24.10.210,172.24.10.1,DNP 3.0,64,"from 1024 to 1, len=5, Request Link Status",0
5747,498.136288,172.24.10.1,172.24.10.210,DNP 3.0,64,"from 1 to 1024, len=5, Status of Link",0
5801,503.187986,172.24.10.210,172.24.10.1,DNP 3.0,64,"from 1024 to 1, len=5, Request Link Status",0
5807,503.564756,172.24.10.1,172.24.10.210,DNP 3.0,81,"Read, Class 0123",0
5809,503.569672,172.24.10.1,172.24.10.210,DNP 3.0,64,"from 1 to 1024, len=5, Status of Link",0
5816,503.57565,172.24.10.210,172.24.10.1,DNP 3.0,165,Response,0
5868,508.587954,172.24.10.210,172.24.10.1,DNP 3.0,64,"from 1024 to 1, len=5, Request Link Status",0
5869,508.588168,172.24.10.1,172.24.10.210,DNP 3.0,64,"from 1 to 1024, len=5, Status of Link",0
5923,513.513386,172.24.10.1,172.24.10.210,DNP 3.0,81,"Read, Class 0123",0
5928,513.520413,172.24.10.210,172.24.10.1,DNP 3.0,165,Response,0
5980,518.537724,172.24.10.210,172.24.10.1,DNP 3.0,64,"from 1024 to 1, len=5, Request Link Status",0
5981,518.53792,172.24.10.1,172.24.10.210,DNP 3.0,64,"from 1 to 1024, len=5, Status of Link",0
6035,523.588191,172.24.10.210,172.24.10.1,DNP 3.0,64,"from 1024 to 1, len=5, Request Link Status",0
6039,523.872166,172.24.10.1,172.24.10.210,DNP 3.0,81,"Read, Class 0123",0
6041,523.877147,172.24.10.1,172.24.10.210,DNP 3.0,64,"from 1 to 1024, len=5, Status of Link",0
6048,523.888572,172.24.10.210,172.24.10.1,DNP 3.0,165,Response,0
6102,528.888166,172.24.10.210,172.24.10.1,DNP 3.0,64,"from 1024 to 1, len=5, Request Link Status",0
6103,528.888358,172.24.10.1,172.24.10.210,DNP 3.0,64,"from 1 to 1024, len=5, Status of Link",0
6155,533.800842,172.24.10.1,172.24.10.210,DNP 3.0,81,"Read, Class 0123",0
6160,533.806117,172.24.10.210,172.24.10.1,DNP 3.0,165,Response,0
6212,538.838205,172.24.10.210,172.24.10.1,DNP 3.0,64,"from 1024 to 1, len=5, Request Link Status",0
6213,538.838355,172.24.10.1,172.24.10.210,DNP 3.0,64,"from 1 to 1024, len=5, Status of Link",0
6267,543.888025,172.24.10.210,172.24.10.1,DNP 3.0,64,"from 1024 to 1, len=5, Request Link Status",0
6271,543.95436,172.24.10.1,172.24.10.210,DNP 3.0,81,"Read, Class 0123",0
6274,543.960161,172.24.10.1,172.24.10.210,DNP 3.0,64,"from 1 to 1024, len=5, Status of Link",0
6280,543.964402,172.24.10.210,172.24.10.1,DNP 3.0,165,Response,0
6330,548.988607,172.24.10.210,172.24.10.1,DNP 3.0,64,"from 1024 to 1, len=5, Request Link Status",0
6331,548.988805,172.24.10.1,172.24.10.210,DNP 3.0,64,"from 1 to 1024, len=5, Status of Link",0
6385,553.964465,172.24.10.1,172.24.10.210,DNP 3.0,81,"Read, Class 0123",0
6390,553.972167,172.24.10.210,172.24.10.1,DNP 3.0,165,Response,0
6444,558.988792,172.24.10.210,172.24.10.1,DNP 3.0,64,"from 1024 to 1, len=5, Request Link Status",0
6445,558.98899,172.24.10.1,172.24.10.210,DNP 3.0,64,"from 1 to 1024, len=5, Status of Link",0
6498,564.029898,172.24.10.1,172.24.10.210,DNP 3.0,81,"Read, Class 0123",0
6503,564.036811,172.24.10.210,172.24.10.1,DNP 3.0,165,Response,0
6556,569.038668,172.24.10.210,172.24.10.1,DNP 3.0,64,"from 1024 to 1, len=5, Request Link Status",0
6557,569.03885,172.24.10.1,172.24.10.210,DNP 3.0,64,"from 1 to 1024, len=5, Status of Link",0
6614,574.088764,172.24.10.210,172.24.10.1,DNP 3.0,64,"from 1024 to 1, len=5, Request Link Status",0
6618,574.242408,172.24.10.1,172.24.10.210,DNP 3.0,81,"Read, Class 0123",0
6621,574.248366,172.24.10.1,172.24.10.210,DNP 3.0,64,"from 1 to 1024, len=5, Status of Link",0
6627,574.252583,172.24.10.210,172.24.10.1,DNP 3.0,165,Response,0
6679,579.28893,172.24.10.210,172.24.10.1,DNP 3.0,64,"from 1024 to 1, len=5, Request Link Status",0
6680,579.289117,172.24.10.1,172.24.10.210,DNP 3.0,64,"from 1 to 1024, len=5, Status of Link",0
6734,584.254187,172.24.10.1,172.24.10.210,DNP 3.0,81,"Read, Class 0123",0
6740,584.264234,172.24.10.210,172.24.10.1,DNP 3.0,165,Response,0
6791,589.289052,172.24.10.210,172.24.10.1,DNP 3.0,64,"from 1024 to 1, len=5, Request Link Status",0
6792,589.289239,172.24.10.1,172.24.10.210,DNP 3.0,64,"from 1 to 1024, len=5, Status of Link",0
6814,590.835509,172.24.10.1,172.24.10.210,DNP 3.0,81,"Read, Class 0123",0
6819,590.843408,172.24.10.210,172.24.10.1,DNP 3.0,165,Response,0
6855,594.359117,172.24.10.1,172.24.10.210,DNP 3.0,81,"Read, Class 0123",0
6860,594.367394,172.24.10.210,172.24.10.1,DNP 3.0,165,Response,0
6912,599.38939,172.24.10.210,172.24.10.1,DNP 3.0,64,"from 1024 to 1, len=5, Request Link Status",0
6913,599.38959,172.24.10.1,172.24.10.210,DNP 3.0,64,"from 1 to 1024, len=5, Status of Link",0
6968,604.439162,172.24.10.210,172.24.10.1,DNP 3.0,64,"from 1024 to 1, len=5, Request Link Status",0
6973,604.583287,172.24.10.1,172.24.10.210,DNP 3.0,81,"Read, Class 0123",0
6975,604.588272,172.24.10.1,172.24.10.210,DNP 3.0,64,"from 1 to 1024, len=5, Status of Link",0
6982,604.593379,172.24.10.210,172.24.10.1,DNP 3.0,165,Response,0
7034,609.639601,172.24.10.210,172.24.10.1,DNP 3.0,64,"from 1024 to 1, len=5, Request Link Status",0
7035,609.639808,172.24.10.1,172.24.10.210,DNP 3.0,64,"from 1 to 1024, len=5, Status of Link",0
7086,614.50969,172.24.10.1,172.24.10.210,DNP 3.0,81,"Read, Class 0123",0
7091,614.519708,172.24.10.210,172.24.10.1,DNP 3.0,165,Response,0
7143,619.538747,172.24.10.210,172.24.10.1,DNP 3.0,64,"from 1024 to 1, len=5, Request Link Status",0
7144,619.538958,172.24.10.1,172.24.10.210,DNP 3.0,64,"from 1 to 1024, len=5, Status of Link",0
7202,624.589835,172.24.10.210,172.24.10.1,DNP 3.0,64,"from 1024 to 1, len=5, Request Link Status",0
7204,624.661587,172.24.10.1,172.24.10.210,DNP 3.0,81,"Read, Class 0123",0
7206,624.666468,172.24.10.1,172.24.10.210,DNP 3.0,64,"from 1 to 1024, len=5, Status of Link",0
7213,624.671008,172.24.10.210,172.24.10.1,DNP 3.0,165,Response,0
7265,629.689566,172.24.10.210,172.24.10.1,DNP 3.0,64,"from 1024 to 1, len=5, Request Link Status",0
7266,629.689759,172.24.10.1,172.24.10.210,DNP 3.0,64,"from 1 to 1024, len=5, Status of Link",0
